label,accuracy,precision,recall,f1,roc_auc
Baseline (clean),0.9415170816444702,0.9109792284866469,0.8121693121693122,0.8587412587412587,0.9734665301752033
Baseline under attack,0.8969310943833236,0.7941176470588235,0.7142857142857143,0.7520891364902507,0.9284361137585748
Hardened (clean),0.9415170816444702,0.8654353562005277,0.8677248677248677,0.8665785997357992,0.956096226481697
Hardened under attack,0.9247249565720903,0.8195876288659794,0.8412698412698413,0.8302872062663186,0.9440865465698676
