label,accuracy,precision,recall,f1,roc_auc
Baseline (clean),0.9519397799652577,0.9900332225913622,0.7883597883597884,0.8777614138438881,0.9874814187267856
Baseline under attack,0.8720324261725536,1.0,0.41534391534391535,0.5869158878504673,0.9524770455089209
Hardened (clean),0.9530978575564563,0.9868852459016394,0.7962962962962963,0.8814055636896047,0.9879628649087507
Hardened under attack,0.8019687319050376,1.0,0.09523809523809523,0.17391304347826086,0.9825443891418687
