label,accuracy,precision,recall,f1,roc_auc
Baseline (clean),0.9415170816444702,0.9109792284866469,0.8121693121693122,0.8587412587412587,0.9734665301752033
Baseline under attack,0.8969310943833236,0.7941176470588235,0.7142857142857143,0.7520891364902507,0.9284243472531093
Hardened (clean),0.9432541980312681,0.8743315508021391,0.8650793650793651,0.8696808510638298,0.9563305760488859
Hardened under attack,0.925883034163289,0.8272251308900523,0.8359788359788359,0.8315789473684211,0.9442002894560344
