label,accuracy,precision,recall,f1,roc_auc
Baseline (clean),0.9357266936884772,0.8677685950413223,0.8333333333333334,0.8502024291497976,0.9618020010903627
Baseline under attack,0.9339895773016792,0.860655737704918,0.8333333333333334,0.8467741935483871,0.9583524539047148
Hardened (clean),0.9380428488708743,0.8672086720867209,0.8465608465608465,0.856760374832664,0.9569914614392006
Hardened under attack,0.9386218876664737,0.8695652173913043,0.8465608465608465,0.8579088471849866,0.9552411937512012
