label,accuracy,precision,recall,f1,roc_auc
Baseline (clean),0.9519397799652577,0.9900332225913622,0.7883597883597884,0.8777614138438881,0.9874814187267856
Baseline under attack,0.8720324261725536,1.0,0.41534391534391535,0.5869158878504673,0.9524770455089209
Hardened (clean),0.9536768963520555,0.9901315789473685,0.7962962962962963,0.8826979472140762,0.9878795188283698
Hardened under attack,0.795020266357846,1.0,0.06349206349206349,0.11940298507462686,0.9266191692062709
