label,accuracy,precision,recall,f1,roc_auc
Baseline (clean),0.9212507237984945,0.7894736842105263,0.873015873015873,0.8291457286432161,0.9447131129859078
Baseline under attack,0.7643312101910829,0.473491773308958,0.6851851851851852,0.56,0.7870027180627626
Hardened (clean),0.9137232194557036,0.7608200455580866,0.8835978835978836,0.817625458996328,0.9306266448594098
Hardened under attack,0.7938621887666474,0.5216535433070866,0.701058201058201,0.5981941309255079,0.8157247579041501
