label,accuracy,precision,recall,f1,roc_auc
Baseline (clean),0.9276201505500868,0.839142091152815,0.828042328042328,0.833555259653795,0.9507846298061272
Baseline under attack,0.7110596409959468,0.2530612244897959,0.164021164021164,0.19903691813804172,0.8067292644757433
Hardened (clean),0.9224088013896931,0.8160621761658031,0.8333333333333334,0.824607329842932,0.9456152117382659
Hardened under attack,0.732484076433121,0.3157894736842105,0.19047619047619047,0.2376237623762376,0.8270107977298488
